scenarioName,scenarioLoop,stepName,stepLoop,correlationId,requestTimeStamp,responseDelayMilliSec,responseTimeStamp,result,method
"E2E - Verify a Sale ticket",0,produce_to_stagea,,"a6b9d7d3-a751-4432-870b-9a63f0baee2f",2022-01-29T16:43:07.272,410.0,2022-01-29T16:43:07.682,PASSED,PRODUCE
"E2E - Verify a Sale ticket",0,produce_to_stageb,,"dc5b614b-7b3c-4329-bd5f-85830b044156",2022-01-29T16:43:07.691,37.0,2022-01-29T16:43:07.728,PASSED,PRODUCE
"E2E - Verify a Sale ticket",0,consume_from_stagea,,"e315a23b-1b54-4d76-8702-fdc751206251",2022-01-29T16:43:07.730,4626.0,2022-01-29T16:43:12.356,PASSED,CONSUME
"E2E - Verify a Sale ticket",0,consume_from_stageb,,"a204f02f-b5f3-4f9b-968e-4892e9380e24",2022-01-29T16:43:12.359,4547.0,2022-01-29T16:43:16.906,PASSED,CONSUME
"E2E - Verify a Sale ticket",0,produce_to_stagea,,"310707d1-e7fc-4bf4-937d-f591409774d8",2022-01-29T17:44:32.639,290.0,2022-01-29T17:44:32.929,PASSED,PRODUCE
"E2E - Verify a Sale ticket",0,produce_to_stageb,,"56a16df4-2241-444e-a667-541f81e31bb3",2022-01-29T17:44:32.934,20.0,2022-01-29T17:44:32.954,PASSED,PRODUCE
"E2E - Verify a Sale ticket",0,consume_from_stagea,,"4abb9fb3-549a-4f2e-a4f3-a87d9bad29a5",2022-01-29T17:44:32.955,4580.0,2022-01-29T17:44:37.535,PASSED,CONSUME
"E2E - Verify a Sale ticket",0,consume_from_stageb,,"ef9ced70-990d-4a01-a781-906b0b542d12",2022-01-29T17:44:37.538,4540.0,2022-01-29T17:44:42.078,FAILED,CONSUME
"E2E - Verify a Sale ticket",0,produce_to_stagea,,"4f2f090f-35ac-476f-b2a1-30b837bba1a9",2022-01-29T17:39:29.524,316.0,2022-01-29T17:39:29.840,PASSED,PRODUCE
"E2E - Verify a Sale ticket",0,produce_to_stageb,,"9c0fd75b-cb60-4424-8266-acd9cbe36901",2022-01-29T17:39:29.846,21.0,2022-01-29T17:39:29.867,PASSED,PRODUCE
"E2E - Verify a Sale ticket",0,consume_from_stagea,,"d0f7ae13-fd54-475b-b9d1-4fc43fa44989",2022-01-29T17:39:29.868,4583.0,2022-01-29T17:39:34.451,PASSED,CONSUME
"E2E - Verify a Sale ticket",0,consume_from_stageb,,"4af13fa2-9207-4ef5-a17e-5a8afcd69274",2022-01-29T17:39:34.454,4552.0,2022-01-29T17:39:39.006,FAILED,CONSUME
"E2E - Verify a Sale ticket",0,produce_to_stagea,,"2e470b3c-fab2-4e58-9077-241c8a3d16ce",2022-01-29T17:38:51.154,387.0,2022-01-29T17:38:51.541,PASSED,PRODUCE
"E2E - Verify a Sale ticket",0,produce_to_stageb,,"224ab3a7-7e43-4631-9361-c97977116ac3",2022-01-29T17:38:51.548,30.0,2022-01-29T17:38:51.578,PASSED,PRODUCE
"E2E - Verify a Sale ticket",0,consume_from_stagea,,"21f905a8-4b37-41e1-bd69-f740a9a5d3ad",2022-01-29T17:38:51.580,4608.0,2022-01-29T17:38:56.188,PASSED,CONSUME
"E2E - Verify a Sale ticket",0,consume_from_stageb,,"f8eed312-e2dd-46c7-90e5-2efea0d37347",2022-01-29T17:38:56.190,4553.0,2022-01-29T17:39:00.743,FAILED,CONSUME
"E2E - Verify a Sale ticket",0,produce_to_stagea,,"1e7e6b19-34d0-416e-99ec-1ce7b88205a0",2022-01-29T17:25:24.614,378.0,2022-01-29T17:25:24.992,PASSED,PRODUCE
"E2E - Verify a Sale ticket",0,produce_to_stageb,,"b8d45a14-49e2-4447-992f-118c58d1d65c",2022-01-29T17:25:24.999,32.0,2022-01-29T17:25:25.031,PASSED,PRODUCE
"E2E - Verify a Sale ticket",0,consume_from_stagea,,"f089f5bb-e9ac-40e2-8ae4-f5b6a23fd9c3",2022-01-29T17:25:25.033,4614.0,2022-01-29T17:25:29.647,PASSED,CONSUME
"E2E - Verify a Sale ticket",0,consume_from_stageb,,"1aa9c63a-7360-47ef-9bba-5a1738cc16f6",2022-01-29T17:25:29.651,4546.0,2022-01-29T17:25:34.197,FAILED,CONSUME
"E2E - Produce to topic",0,produce_to_stagea,,"88414914-6810-4d50-bea5-e1143b5f8794",2022-01-29T18:07:19.148,181.0,2022-01-29T18:07:19.329,FAILED,PRODUCE
"E2E - Verify a Sale ticket",0,produce_to_stagea,,"6a80d600-038e-447f-84f0-9cf597780c36",2022-01-29T17:09:55.523,289.0,2022-01-29T17:09:55.812,PASSED,PRODUCE
"E2E - Verify a Sale ticket",0,produce_to_stageb,,"90fd4da8-0f0b-4963-b145-6a21e0fa3fe9",2022-01-29T17:09:55.818,21.0,2022-01-29T17:09:55.839,PASSED,PRODUCE
"E2E - Verify a Sale ticket",0,consume_from_stagea,,"a748fa6d-7f4b-4a55-ba87-f55e59bf546a",2022-01-29T17:09:55.840,4578.0,2022-01-29T17:10:00.418,PASSED,CONSUME
"E2E - Verify a Sale ticket",0,consume_from_stageb,,"08c506bb-788e-4111-a083-61223bf4136f",2022-01-29T17:10:00.420,4553.0,2022-01-29T17:10:04.973,FAILED,CONSUME
"E2E - Produce to topic",0,produce_to_stagea,,"48fe41da-1280-4439-be98-c2f95281f84a",2022-01-29T18:09:12.461,202.0,2022-01-29T18:09:12.663,FAILED,PRODUCE
"E2E - Verify a Sale ticket",0,produce_to_stagea,,"300793d7-65ba-4746-9143-24706fa2ca07",2022-01-29T16:41:16.139,349.0,2022-01-29T16:41:16.488,PASSED,PRODUCE
"E2E - Verify a Sale ticket",0,produce_to_stageb,,"f5d2c05e-4fd0-4051-8962-5f0a0b1914c3",2022-01-29T16:41:16.495,25.0,2022-01-29T16:41:16.520,PASSED,PRODUCE
"E2E - Verify a Sale ticket",0,consume_from_stagea,,"fbafe201-b60a-40bd-8e3d-39883cb3ce91",2022-01-29T16:41:16.522,4609.0,2022-01-29T16:41:21.131,PASSED,CONSUME
"E2E - Verify a Sale ticket",0,consume_from_stageb,,"e3f3eafa-2820-4671-9db7-0ab1520fbb3e",2022-01-29T16:41:21.134,4550.0,2022-01-29T16:41:25.684,PASSED,CONSUME
"E2E - Verify a Sale ticket",0,produce_to_stagea,,"89e30ad8-179e-4df5-a7c5-c91450d0cbcb",2022-01-29T17:38:10.692,415.0,2022-01-29T17:38:11.107,PASSED,PRODUCE
"E2E - Verify a Sale ticket",0,produce_to_stageb,,"423d218b-8af1-4bba-89ab-b27ca5706597",2022-01-29T17:38:11.117,36.0,2022-01-29T17:38:11.153,PASSED,PRODUCE
"E2E - Verify a Sale ticket",0,consume_from_stagea,,"696b7ee4-9da0-4e1c-8fe4-0f9f207dc5a9",2022-01-29T17:38:11.156,4618.0,2022-01-29T17:38:15.774,PASSED,CONSUME
"E2E - Verify a Sale ticket",0,consume_from_stageb,,"65698878-d2d2-436b-baf5-0f94c42cacdf",2022-01-29T17:38:15.777,4545.0,2022-01-29T17:38:20.322,FAILED,CONSUME
"E2E - Verify a Sale ticket",0,produce_to_stagea,,"9bedb385-92e8-4be7-91f8-100a323859f8",2022-01-29T17:02:20.271,390.0,2022-01-29T17:02:20.661,PASSED,PRODUCE
"E2E - Verify a Sale ticket",0,produce_to_stageb,,"1e56e908-6de2-4151-92d4-c2d0d9de8f4f",2022-01-29T17:02:20.669,34.0,2022-01-29T17:02:20.703,PASSED,PRODUCE
"E2E - Verify a Sale ticket",0,consume_from_stagea,,"9d4ce6b1-0310-464d-a774-70e13b0a44cd",2022-01-29T17:02:20.705,4613.0,2022-01-29T17:02:25.318,PASSED,CONSUME
"E2E - Verify a Sale ticket",0,consume_from_stageb,,"6c9ef4bd-9551-4d56-80bd-92da6fe9e263",2022-01-29T17:02:25.320,4548.0,2022-01-29T17:02:29.868,FAILED,CONSUME
"E2E - Verify a Sale ticket",0,produce_to_stagea,,"99c58ec8-9b3e-4f93-8241-c2cef9a71a58",2022-01-29T16:50:08.471,298.0,2022-01-29T16:50:08.769,PASSED,PRODUCE
"E2E - Verify a Sale ticket",0,produce_to_stageb,,"6e253d90-338f-4652-85a4-073568852029",2022-01-29T16:50:08.774,20.0,2022-01-29T16:50:08.794,PASSED,PRODUCE
"E2E - Verify a Sale ticket",0,consume_from_stagea,,"05ac78ce-4633-4f39-8fc7-a4f89d83501e",2022-01-29T16:50:08.796,4590.0,2022-01-29T16:50:13.386,PASSED,CONSUME
"E2E - Verify a Sale ticket",0,consume_from_stageb,,"5e9168ee-9de3-423d-a7da-b8b65158b831",2022-01-29T16:50:13.389,4554.0,2022-01-29T16:50:17.943,FAILED,CONSUME
"E2E - Verify a Sale ticket",0,produce_to_stagea,,"b1f07ffa-c799-4fc3-b1f1-f35c41386641",2022-01-29T16:53:17.491,369.0,2022-01-29T16:53:17.860,PASSED,PRODUCE
"E2E - Verify a Sale ticket",0,produce_to_stageb,,"a0c68d3c-5bb6-4484-a3c0-36eef9b6b8ad",2022-01-29T16:53:17.868,37.0,2022-01-29T16:53:17.905,PASSED,PRODUCE
"E2E - Verify a Sale ticket",0,consume_from_stagea,,"0e75019d-edba-4a62-9205-2f1dee278f79",2022-01-29T16:53:17.907,4614.0,2022-01-29T16:53:22.521,PASSED,CONSUME
"E2E - Verify a Sale ticket",0,consume_from_stageb,,"be9e4dfe-1413-4290-9c65-3db3bb4dca6f",2022-01-29T16:53:22.524,4549.0,2022-01-29T16:53:27.073,FAILED,CONSUME
"E2E - Verify a Sale ticket",0,produce_to_stagea,,"9bf62af7-4779-4444-b700-a7bc0506e1ca",2022-01-29T17:24:02.125,288.0,2022-01-29T17:24:02.413,PASSED,PRODUCE
"E2E - Verify a Sale ticket",0,produce_to_stageb,,"b238a33c-ff58-4524-a7d4-40f5d9231982",2022-01-29T17:24:02.419,21.0,2022-01-29T17:24:02.440,PASSED,PRODUCE
"E2E - Verify a Sale ticket",0,consume_from_stagea,,"4426511f-a026-42d4-bf68-9048546ed077",2022-01-29T17:24:02.441,4598.0,2022-01-29T17:24:07.039,PASSED,CONSUME
"E2E - Verify a Sale ticket",0,consume_from_stageb,,"326b2ff4-d287-406b-9713-6536bec8877f",2022-01-29T17:24:07.043,4549.0,2022-01-29T17:24:11.592,FAILED,CONSUME
"E2E - Verify a Sale ticket",0,produce_to_stagea,,"e1f45e56-2d7c-420c-9808-d2980a9d9691",2022-01-29T17:36:48.610,397.0,2022-01-29T17:36:49.007,PASSED,PRODUCE
"E2E - Verify a Sale ticket",0,produce_to_stageb,,"1c7c2207-813a-42ec-ba0f-e98d61377aee",2022-01-29T17:36:49.014,31.0,2022-01-29T17:36:49.045,PASSED,PRODUCE
"E2E - Verify a Sale ticket",0,consume_from_stagea,,"85f48810-3596-46b8-aa68-a9cf2eb131c6",2022-01-29T17:36:49.047,4616.0,2022-01-29T17:36:53.663,PASSED,CONSUME
"E2E - Verify a Sale ticket",0,consume_from_stageb,,"33edaed8-192a-4e5b-b0e6-4243a5a507ae",2022-01-29T17:36:53.666,4551.0,2022-01-29T17:36:58.217,FAILED,CONSUME
"E2E - Verify a Sale ticket",0,produce_to_stagea,,"8cf41e4f-7ca4-49d8-a0e7-d8462502d21c",2022-01-29T16:34:47.660,166.0,2022-01-29T16:34:47.826,FAILED,PRODUCE
"E2E - Verify a Sale ticket",0,produce_to_stagea,,"a9681644-1b3d-4365-8f8e-b69f45bcfc56",2022-01-29T17:35:23.440,328.0,2022-01-29T17:35:23.768,PASSED,PRODUCE
"E2E - Verify a Sale ticket",0,produce_to_stageb,,"d5d53e00-5a8c-4da0-a89c-5fb3f969e941",2022-01-29T17:35:23.773,19.0,2022-01-29T17:35:23.792,PASSED,PRODUCE
"E2E - Verify a Sale ticket",0,consume_from_stagea,,"767d4fdc-0de3-42ba-968c-4ae6ee663f65",2022-01-29T17:35:23.793,4605.0,2022-01-29T17:35:28.398,PASSED,CONSUME
"E2E - Verify a Sale ticket",0,consume_from_stageb,,"c80aa387-dc9c-4fed-a788-861a9f3b63ce",2022-01-29T17:35:28.401,4547.0,2022-01-29T17:35:32.948,FAILED,CONSUME
"E2E - Verify a Sale ticket",0,produce_to_stagea,,"30dcefd6-620c-431d-a1a7-d76b6693675a",2022-01-29T17:15:47.065,322.0,2022-01-29T17:15:47.387,PASSED,PRODUCE
"E2E - Verify a Sale ticket",0,produce_to_stageb,,"37a92630-4b7a-4a87-9b18-d6f9b032c664",2022-01-29T17:15:47.393,20.0,2022-01-29T17:15:47.413,PASSED,PRODUCE
"E2E - Verify a Sale ticket",0,consume_from_stagea,,"69f837d4-5c84-4a0d-a3a8-40f4f15a9386",2022-01-29T17:15:47.414,4594.0,2022-01-29T17:15:52.008,PASSED,CONSUME
"E2E - Verify a Sale ticket",0,consume_from_stageb,,"0865eddb-8423-4196-9982-4735a07ed061",2022-01-29T17:15:52.011,4552.0,2022-01-29T17:15:56.563,FAILED,CONSUME
"E2E - Verify a Sale ticket",0,produce_to_stagea,,"4b506df3-07af-4aa7-ba98-2c06811e20db",2022-01-29T17:37:10.507,379.0,2022-01-29T17:37:10.886,PASSED,PRODUCE
"E2E - Verify a Sale ticket",0,produce_to_stageb,,"f416de50-696f-4b8d-aa9e-d29b5d1ceadc",2022-01-29T17:37:10.894,31.0,2022-01-29T17:37:10.925,PASSED,PRODUCE
"E2E - Verify a Sale ticket",0,consume_from_stagea,,"fa7f0b33-15f0-489e-8cf9-4826a252d22d",2022-01-29T17:37:10.927,4615.0,2022-01-29T17:37:15.542,PASSED,CONSUME
"E2E - Verify a Sale ticket",0,consume_from_stageb,,"c1b12466-cf7f-4949-b5c6-89adb97451c0",2022-01-29T17:37:15.545,4545.0,2022-01-29T17:37:20.090,FAILED,CONSUME
"E2E - Verify a Sale ticket",0,produce_to_stagea,,"c492b9e3-4f04-45b4-b775-ffbcad059909",2022-01-29T17:13:11.941,284.0,2022-01-29T17:13:12.225,PASSED,PRODUCE
"E2E - Verify a Sale ticket",0,produce_to_stageb,,"b2dd81db-f860-4086-87f5-238f5532f1be",2022-01-29T17:13:12.232,21.0,2022-01-29T17:13:12.253,PASSED,PRODUCE
"E2E - Verify a Sale ticket",0,consume_from_stagea,,"e058fcc4-0af3-4e72-9ad2-7758abe27ac5",2022-01-29T17:13:12.254,4582.0,2022-01-29T17:13:16.836,PASSED,CONSUME
"E2E - Verify a Sale ticket",0,consume_from_stageb,,"b78ab51c-9d2f-4122-a1c2-b251ad1861ce",2022-01-29T17:13:16.838,4550.0,2022-01-29T17:13:21.388,FAILED,CONSUME
